REGION	POS	REF	ALT	REF_DP	REF_RV	REF_QUAL	ALT_DP	ALT_RV	ALT_QUAL	ALT_FREQ	TOTAL_DP	PVAL	PASS	GFF_FEATURE	REF_CODON	REF_AA	ALT_CODON	ALT_AA
MN908947.3	241	C	T	1	0	71	602	137	61	0.998342	603	0	TRUE	NA	NA	NA	NA	NA
MN908947.3	3037	C	T	0	0	0	141	43	60	1	141	2.60168e-105	TRUE	NA	NA	NA	NA	NA
MN908947.3	6696	C	+T	389	126	58	20	0	20	0.0311526	642	7.70812e-05	TRUE	NA	NA	NA	NA	NA
MN908947.3	7777	C	T	0	0	0	58	4	57	1	58	1.36613e-42	TRUE	NA	NA	NA	NA	NA
MN908947.3	7892	T	C	48	45	39	2	2	31	0.04	50	0.224359	FALSE	NA	NA	NA	NA	NA
MN908947.3	11074	C	-T	608	3	38	22	0	20	0.0360065	611	0.00219815	TRUE	NA	NA	NA	NA	NA
MN908947.3	11074	C	+T	608	3	38	19	0	20	0.0310966	611	0.00826429	TRUE	NA	NA	NA	NA	NA
MN908947.3	12805	T	C	0	0	0	240	1	38	1	240	1.1138e-144	TRUE	NA	NA	NA	NA	NA
MN908947.3	14408	C	T	0	0	0	227	25	65	1	227	7.57271e-179	TRUE	NA	NA	NA	NA	NA
MN908947.3	19285	G	A	9	0	38	1	0	20	0.1	10	0.526316	FALSE	NA	NA	NA	NA	NA
MN908947.3	19451	C	T	14	6	56	1	0	39	0.0666667	15	0.394737	FALSE	NA	NA	NA	NA	NA
MN908947.3	19536	C	T	15	15	38	1	1	20	0.0625	16	0.516129	FALSE	NA	NA	NA	NA	NA
MN908947.3	19859	C	T	246	244	38	9	9	20	0.0352941	255	0.0299515	FALSE	NA	NA	NA	NA	NA
MN908947.3	23403	A	G	0	0	0	1170	1170	38	0.998294	1172	0	TRUE	NA	NA	NA	NA	NA
MN908947.3	27213	C	T	1	0	39	599	10	38	0.998333	600	0	TRUE	NA	NA	NA	NA	NA
MN908947.3	28162	G	A	240	0	37	9	0	20	0.0361446	249	0.0312619	FALSE	NA	NA	NA	NA	NA
MN908947.3	28250	T	+CTG	266	39	58	14	0	20	0.0316027	443	0.000775645	TRUE	NA	NA	NA	NA	NA
MN908947.3	28253	C	-A	275	44	58	16	0	20	0.0353982	452	0.000201718	TRUE	NA	NA	NA	NA	NA
MN908947.3	28881	G	A	0	0	0	202	91	52	1	202	2.52427e-145	TRUE	NA	NA	NA	NA	NA
MN908947.3	28882	G	A	0	0	0	196	86	50	1	196	5.9268e-143	TRUE	NA	NA	NA	NA	NA
MN908947.3	28883	G	C	0	0	0	197	88	53	1	197	2.36832e-143	TRUE	NA	NA	NA	NA	NA
MN908947.3	29051	C	+A	301	7	37	17	0	20	0.0561056	303	0.00160491	TRUE	NA	NA	NA	NA	NA
MN908947.3	29707	A	G	28	7	59	1	0	29	0.0344828	29	0.371795	FALSE	NA	NA	NA	NA	NA
MN908947.3	29720	A	C	26	8	58	1	1	30	0.037037	27	0.375	FALSE	NA	NA	NA	NA	NA
MN908947.3	29729	T	G	27	10	59	1	1	34	0.0357143	28	0.388889	FALSE	NA	NA	NA	NA	NA
